<?xml version="1.0"?>
<Runs Version="1" Minor="0">
	<Run Id="design_1_xbar_0_synth_1" LaunchDir="C:/Users/weili/Desktop/FPGA/trys/hdmi_ov5640_single_resize/hdmi_ov5640_single.runs/design_1_xbar_0_synth_1" FlowId="Vivado_Synthesis" FromStepId="vivado" ToStepId="vivado"/>
	<Run Id="design_1_xbar_2_synth_1" LaunchDir="C:/Users/weili/Desktop/FPGA/trys/hdmi_ov5640_single_resize/hdmi_ov5640_single.runs/design_1_xbar_2_synth_1" FlowId="Vivado_Synthesis" FromStepId="vivado" ToStepId="vivado"/>
	<Run Id="design_1_processing_system7_0_0_synth_1" LaunchDir="C:/Users/weili/Desktop/FPGA/trys/hdmi_ov5640_single_resize/hdmi_ov5640_single.runs/design_1_processing_system7_0_0_synth_1" FlowId="Vivado_Synthesis" FromStepId="vivado" ToStepId="vivado"/>
	<Run Id="design_1_v_tc_0_0_synth_1" LaunchDir="C:/Users/weili/Desktop/FPGA/trys/hdmi_ov5640_single_resize/hdmi_ov5640_single.runs/design_1_v_tc_0_0_synth_1" FlowId="Vivado_Synthesis" FromStepId="vivado" ToStepId="vivado"/>
	<Run Id="design_1_v_axi4s_vid_out_0_0_synth_1" LaunchDir="C:/Users/weili/Desktop/FPGA/trys/hdmi_ov5640_single_resize/hdmi_ov5640_single.runs/design_1_v_axi4s_vid_out_0_0_synth_1" FlowId="Vivado_Synthesis" FromStepId="vivado" ToStepId="vivado"/>
	<Run Id="design_1_rst_ps7_0_142M_0_synth_1" LaunchDir="C:/Users/weili/Desktop/FPGA/trys/hdmi_ov5640_single_resize/hdmi_ov5640_single.runs/design_1_rst_ps7_0_142M_0_synth_1" FlowId="Vivado_Synthesis" FromStepId="vivado" ToStepId="vivado"/>
	<Run Id="design_1_rst_ps7_0_100M_0_synth_1" LaunchDir="C:/Users/weili/Desktop/FPGA/trys/hdmi_ov5640_single_resize/hdmi_ov5640_single.runs/design_1_rst_ps7_0_100M_0_synth_1" FlowId="Vivado_Synthesis" FromStepId="vivado" ToStepId="vivado"/>
	<Run Id="design_1_auto_pc_1_synth_1" LaunchDir="C:/Users/weili/Desktop/FPGA/trys/hdmi_ov5640_single_resize/hdmi_ov5640_single.runs/design_1_auto_pc_1_synth_1" FlowId="Vivado_Synthesis" FromStepId="vivado" ToStepId="vivado"/>
	<Run Id="design_1_auto_pc_0_synth_1" LaunchDir="C:/Users/weili/Desktop/FPGA/trys/hdmi_ov5640_single_resize/hdmi_ov5640_single.runs/design_1_auto_pc_0_synth_1" FlowId="Vivado_Synthesis" FromStepId="vivado" ToStepId="vivado"/>
</Runs>

