<?xml version="1.0"?>
<Runs Version="1" Minor="0">
	<Run Id="design_1_axis_subset_converter_0_0_synth_1" LaunchDir="C:/Users/weili/Desktop/FPGA/trys/hdmi_ov5640_single/hdmi_ov5640_single.runs/design_1_axis_subset_converter_0_0_synth_1" FlowId="Vivado_Synthesis" FromStepId="vivado" ToStepId="vivado"/>
	<Run Id="synth_1" LaunchDir="C:/Users/weili/Desktop/FPGA/trys/hdmi_ov5640_single/hdmi_ov5640_single.runs/synth_1" FlowId="Vivado_Synthesis" FromStepId="vivado" ToStepId="vivado">
		<Parent Id="design_1_axis_subset_converter_0_0_synth_1"/>
	</Run>
	<Run Id="impl_1" LaunchDir="C:/Users/weili/Desktop/FPGA/trys/hdmi_ov5640_single/hdmi_ov5640_single.runs/impl_1" FlowId="Vivado_Implementation" FromStepId="init_design" ToStepId="route_design">
		<Parent Id="synth_1"/>
		<Parent Id="design_1_axis_subset_converter_0_0_synth_1"/>
	</Run>
</Runs>

