<?xml version="1.0"?>
<Runs Version="1" Minor="0">
	<Run Id="design_1_xbar_0_synth_1" LaunchDir="C:/Users/weili/Desktop/FPGA/trys/hdmi_ov5640_single/hdmi_ov5640_single.runs/design_1_xbar_0_synth_1" FlowId="Vivado_Synthesis" FromStepId="vivado" ToStepId="vivado"/>
	<Run Id="design_1_alinx_ov5640_0_0_synth_1" LaunchDir="C:/Users/weili/Desktop/FPGA/trys/hdmi_ov5640_single/hdmi_ov5640_single.runs/design_1_alinx_ov5640_0_0_synth_1" FlowId="Vivado_Synthesis" FromStepId="vivado" ToStepId="vivado"/>
	<Run Id="design_1_axi_vdma_1_0_synth_1" LaunchDir="C:/Users/weili/Desktop/FPGA/trys/hdmi_ov5640_single/hdmi_ov5640_single.runs/design_1_axi_vdma_1_0_synth_1" FlowId="Vivado_Synthesis" FromStepId="vivado" ToStepId="vivado"/>
	<Run Id="design_1_axis_subset_converter_0_0_synth_1" LaunchDir="C:/Users/weili/Desktop/FPGA/trys/hdmi_ov5640_single/hdmi_ov5640_single.runs/design_1_axis_subset_converter_0_0_synth_1" FlowId="Vivado_Synthesis" FromStepId="vivado" ToStepId="vivado"/>
	<Run Id="design_1_axi_gpio_0_0_synth_1" LaunchDir="C:/Users/weili/Desktop/FPGA/trys/hdmi_ov5640_single/hdmi_ov5640_single.runs/design_1_axi_gpio_0_0_synth_1" FlowId="Vivado_Synthesis" FromStepId="vivado" ToStepId="vivado"/>
	<Run Id="design_1_xlconstant_0_0_synth_1" LaunchDir="C:/Users/weili/Desktop/FPGA/trys/hdmi_ov5640_single/hdmi_ov5640_single.runs/design_1_xlconstant_0_0_synth_1" FlowId="Vivado_Synthesis" FromStepId="vivado" ToStepId="vivado"/>
	<Run Id="design_1_xbar_2_synth_1" LaunchDir="C:/Users/weili/Desktop/FPGA/trys/hdmi_ov5640_single/hdmi_ov5640_single.runs/design_1_xbar_2_synth_1" FlowId="Vivado_Synthesis" FromStepId="vivado" ToStepId="vivado"/>
	<Run Id="design_1_axi_dynclk_1_0_synth_1" LaunchDir="C:/Users/weili/Desktop/FPGA/trys/hdmi_ov5640_single/hdmi_ov5640_single.runs/design_1_axi_dynclk_1_0_synth_1" FlowId="Vivado_Synthesis" FromStepId="vivado" ToStepId="vivado"/>
	<Run Id="design_1_rgb2dvi_1_0_synth_1" LaunchDir="C:/Users/weili/Desktop/FPGA/trys/hdmi_ov5640_single/hdmi_ov5640_single.runs/design_1_rgb2dvi_1_0_synth_1" FlowId="Vivado_Synthesis" FromStepId="vivado" ToStepId="vivado"/>
	<Run Id="design_1_s01_mmu_0_synth_1" LaunchDir="C:/Users/weili/Desktop/FPGA/trys/hdmi_ov5640_single/hdmi_ov5640_single.runs/design_1_s01_mmu_0_synth_1" FlowId="Vivado_Synthesis" FromStepId="vivado" ToStepId="vivado"/>
	<Run Id="design_1_auto_pc_1_synth_1" LaunchDir="C:/Users/weili/Desktop/FPGA/trys/hdmi_ov5640_single/hdmi_ov5640_single.runs/design_1_auto_pc_1_synth_1" FlowId="Vivado_Synthesis" FromStepId="vivado" ToStepId="vivado"/>
	<Run Id="design_1_s00_mmu_0_synth_1" LaunchDir="C:/Users/weili/Desktop/FPGA/trys/hdmi_ov5640_single/hdmi_ov5640_single.runs/design_1_s00_mmu_0_synth_1" FlowId="Vivado_Synthesis" FromStepId="vivado" ToStepId="vivado"/>
	<Run Id="design_1_auto_pc_0_synth_1" LaunchDir="C:/Users/weili/Desktop/FPGA/trys/hdmi_ov5640_single/hdmi_ov5640_single.runs/design_1_auto_pc_0_synth_1" FlowId="Vivado_Synthesis" FromStepId="vivado" ToStepId="vivado"/>
</Runs>

